tempo,rubato,dynamics_mean,dynamics_std,name
[117.45383523],0.03163600938260006,0.022163719,0.02820088,performance1.wav
